"","ID","Description","setSize","enrichmentScore","NES","pvalue","p.adjust","qvalue","rank","leading_edge","core_enrichment"
"eco03010","eco03010","Ribosome - Escherichia coli K-12 MG1655",44,0.570034229426239,2.56423753075351,5.0982910167432e-06,0.000137653857452066,9.12325760890888e-05,391,"tags=86%, list=37%, signal=57%","b3851/b3320/b3318/b3321/b3319/b3315/b3316/b3317/b3314/b3312/b3313/b3311/b3341/b3342/b3294/b3304/b3296/b3983/b3301/b3302/b4200/b3985/b3986/b3303/b3984/b4202/b3306/b4203/b3305/b2606/b3297/b3298/b3231/b3230/b3703/b3186/b0169/b3185"
"eco00051","eco00051","Fructose and mannose metabolism - Escherichia coli K-12 MG1655",14,0.746150506486446,2.43374530608057,2.13160139620693e-05,0.000287766188487936,0.000190722230186936,75,"tags=57%, list=7%, signal=54%","b2704/b2703/b2702/b2705/b2052/b4085/b2053/b4084"
"eco00630","eco00630","Glyoxylate and dicarboxylate metabolism - Escherichia coli K-12 MG1655",18,-0.615589249785472,-2.48655328807225,9.29170000790115e-05,0.000836253000711103,0.000554241754857261,171,"tags=61%, list=16%, signal=52%","b2844/b1415/b3892/b3894/b3893/b4467/b2979/b1800/b4468/b3062/b3061"
"eco01212","eco01212","Fatty acid metabolism - Escherichia coli K-12 MG1655",10,-0.668231439130202,-2.17338607507438,0.00187716109036364,0.0126708373599545,0.00839782593057416,171,"tags=70%, list=16%, signal=59%","b2844/b3845/b3846/b2341/b1805/b2342/b0221"
"eco00071","eco00071","Fatty acid degradation - Escherichia coli K-12 MG1655",10,-0.648548639305414,-2.10936884907652,0.00339766388138939,0.0183473849595027,0.0121600602070778,171,"tags=70%, list=16%, signal=59%","b2844/b3845/b3846/b2341/b1805/b2342/b0221"
