"","smoc2_fibrosis1","smoc2_fibrosis4","smoc2_normal1","smoc2_normal3","smoc2_fibrosis3","smoc2_normal4","smoc2_fibrosis2"
"smoc2_fibrosis1",1,0.994845674649953,0.96317818435223,0.963738486992331,0.994962112879384,0.959766038700378,0.995862236650384
"smoc2_fibrosis4",0.994845674649953,1,0.966870371338437,0.967180776029058,0.995184581533299,0.963552919021104,0.994681894290849
"smoc2_normal1",0.96317818435223,0.966870371338437,1,0.993547859148625,0.967889476695411,0.994074412096485,0.965106336699975
"smoc2_normal3",0.963738486992331,0.967180776029058,0.993547859148625,1,0.96919648662073,0.994260994394644,0.965657839041167
"smoc2_fibrosis3",0.994962112879384,0.995184581533299,0.967889476695411,0.96919648662073,1,0.965067574574768,0.995211137298216
"smoc2_normal4",0.959766038700378,0.963552919021104,0.994074412096485,0.994260994394644,0.965067574574768,1,0.961897699424786
"smoc2_fibrosis2",0.995862236650384,0.994681894290849,0.965106336699975,0.965657839041167,0.995211137298216,0.961897699424786,1
